model_type,rank,rmse,mae,model_id
GBM,1,275.2448819106572,163.68631575054482,GBM_4_AutoML_1_20251213_100624
RandomForest,10,361.21994753806575,203.7668837696785,DRF_1_AutoML_1_20251213_100624
