run_id,run_name,model_type,test_rmse,test_mae,test_r2,val_rmse,val_mae,val_r2
b4a2bd5829c748518a4ade055d4ac16d,GBM_LightGBM_Fast,LightGBM,496.20416036879817,314.2262962080659,0.9368622960828538,524.0992710062856,336.5355189346191,0.929624664084525
60a0fa43dbf242979c6ec53c18b4ca28,RandomForest_Fast,RandomForest,633.0024309869508,464.3988674974667,0.8972507317935117,654.6128522202016,478.54638383350465,0.8902100910327486
7317c37f7ac04ba6a4c623451aa96380,RandomForest_Fast,RandomForest,633.0024309869508,464.3988674974667,0.8972507317935117,654.6128522202016,478.54638383350465,0.8902100910327486
a3c45e528a52412fbe096d92a9c8b89e,Ridge_Regression_Fast,Ridge,1590.6069026868474,1351.1844840247604,0.3512255961267362,2178.621246325732,1368.8358957259588,-0.21606513944402694
943d2ed302314353b7ec5530a89bccd4,Ridge_Regression_Fast,Ridge,1590.6069026868474,1351.1844840247604,0.3512255961267362,2178.621246325732,1368.8358957259588,-0.21606513944402694
